/*
SQLyog Enterprise v13.1.1 (64 bit)
MySQL - 10.4.21-MariaDB : Database - multinacional-gestion
*********************************************************************
*/

/*!40101 SET NAMES utf8 */;

/*!40101 SET SQL_MODE=''*/;

/*!40014 SET @OLD_UNIQUE_CHECKS=@@UNIQUE_CHECKS, UNIQUE_CHECKS=0 */;
/*!40014 SET @OLD_FOREIGN_KEY_CHECKS=@@FOREIGN_KEY_CHECKS, FOREIGN_KEY_CHECKS=0 */;
/*!40101 SET @OLD_SQL_MODE=@@SQL_MODE, SQL_MODE='NO_AUTO_VALUE_ON_ZERO' */;
/*!40111 SET @OLD_SQL_NOTES=@@SQL_NOTES, SQL_NOTES=0 */;
CREATE DATABASE /*!32312 IF NOT EXISTS*/`multinacional-gestion` /*!40100 DEFAULT CHARACTER SET utf8mb4 */;

USE `multinacional-gestion`;

/*Table structure for table `ciudades` */

DROP TABLE IF EXISTS `ciudades`;

CREATE TABLE `ciudades` (
  `id_ciudades` int(11) NOT NULL,
  `id_departamentos` int(11) NOT NULL,
  `detalle_ciudades` varchar(255) NOT NULL,
  PRIMARY KEY (`id_ciudades`),
  KEY `id_departamentos` (`id_departamentos`),
  CONSTRAINT `ciudades_ibfk_1` FOREIGN KEY (`id_departamentos`) REFERENCES `departamentos` (`id_departamentos`)
) ENGINE=InnoDB DEFAULT CHARSET=utf8mb4;

/*Data for the table `ciudades` */

insert  into `ciudades`(`id_ciudades`,`id_departamentos`,`detalle_ciudades`) values 
(1,57,'Tanjay'),
(2,32,'Zhongfang'),
(3,94,'Piastów'),
(4,22,'Almafuerte'),
(5,73,'Bang Len'),
(6,14,'Warlubie'),
(7,28,'Parintins'),
(8,95,'Bachok'),
(9,19,'Morrito'),
(10,36,'Astromil'),
(11,7,'Põltsamaa'),
(12,6,'Nossa Senhora da Glória'),
(13,118,'Shahrak-e Bākharz'),
(14,82,'Athens'),
(15,15,'Resende'),
(16,2,'Limoges'),
(17,44,'Zelenograd'),
(18,29,'Tayasan'),
(19,74,'Xiangdian'),
(20,26,'Gorbatovka'),
(21,99,'Goght’'),
(22,3,'Pasirmukti'),
(23,44,'Jinshan'),
(24,92,'Sadang Kulon'),
(25,51,'Mirabel'),
(26,53,'Gondar'),
(27,56,'Baizhang'),
(28,23,'Domalanoan'),
(29,73,'Bulawin'),
(30,81,'Fentange'),
(31,19,'Calais'),
(32,36,'Taourirt'),
(33,48,'Putou'),
(34,92,'Jitan'),
(35,75,'Forestville'),
(36,24,'Jacksonville'),
(37,49,'Wenhe'),
(38,60,'Isiolo'),
(39,118,'Moramanga'),
(40,52,'Sucun'),
(41,24,'Adelaide Mail Centre'),
(42,32,'Qingshan'),
(43,38,'Villa Las Rosas'),
(44,49,'Rāmhormoz'),
(45,88,'Tambakromo'),
(46,22,'Pavlovka'),
(47,8,'Michurinskoye'),
(48,102,'Haymā’'),
(49,27,'Casa Nova'),
(50,69,'Potongan'),
(51,18,'Nuuk'),
(52,55,'Guarumal'),
(53,48,'Oroin Xibe'),
(54,56,'Melbourne'),
(55,115,'Porto Real'),
(56,31,'Sendang'),
(57,49,'La Labor'),
(58,45,'Stockholm'),
(59,20,'Santa Ana'),
(60,36,'Alhos Vedros'),
(61,87,'Sanshui'),
(62,1,'Duitama'),
(63,108,'Liujiagou'),
(64,113,'Barcelona'),
(65,37,'Ojiya'),
(66,60,'Şuwayr'),
(67,103,'Chorotis'),
(68,85,'Kanekomachi'),
(69,29,'Gaibei'),
(70,56,'Tunoshna'),
(71,54,'Yaozhuang'),
(72,76,'Tomorlog'),
(73,104,'Jeffrey’s Bay'),
(74,94,'Dengjia'),
(75,67,'Namballe'),
(76,86,'Anseong'),
(77,68,'Hoima'),
(78,20,'Kŭlob'),
(79,88,'Quimper'),
(80,86,'‘Anat al Qadīmah'),
(81,65,'Puolanka'),
(82,61,'Santa Teresa First'),
(83,72,'Kilifi'),
(84,25,'Shaliu'),
(85,111,'Arvayheer'),
(86,21,'Nanxia'),
(87,113,'Xianghu'),
(88,76,'Gaoshan'),
(89,116,'Lasusua'),
(90,52,'Oued Lill'),
(91,92,'Zhangzhen'),
(92,15,'Étampes'),
(93,93,'Bingawan'),
(94,41,'Vodnyy'),
(95,70,'Henggang'),
(96,43,'Courelas Bravas'),
(97,105,'Águas'),
(98,23,'Pompéu'),
(99,71,'Sanying'),
(100,12,'Biritiba Mirim'),
(101,13,'Terang'),
(102,12,'Yushang'),
(103,42,'Mnichovo Hradiště'),
(104,47,'Pont Cassé'),
(105,105,'Popovo'),
(106,20,'Panyarang'),
(107,66,'Juršinci'),
(108,114,'Smolensk'),
(109,71,'Longvic'),
(110,35,'Kapsan-ŭp'),
(111,106,'Ticaco'),
(112,110,'Jutaí'),
(113,44,'Orissaare'),
(114,9,'La Gomera'),
(115,95,'Wuppertal'),
(116,30,'Kadaka'),
(117,16,'Uman’'),
(118,47,'MacArthur'),
(119,31,'Idhnā'),
(120,83,'Shilibu'),
(121,106,'Złotniki'),
(122,2,'Sangzhou'),
(123,14,'Quartier Morin'),
(124,113,'Neglasari'),
(125,116,'Skhodnya'),
(126,82,'Psary'),
(127,63,'Chuntai'),
(128,81,'Belén'),
(129,53,'Litvínovice'),
(130,16,'Baisha'),
(131,59,'Lillooet'),
(132,31,'Plewiska'),
(133,36,'Jiyizhuang'),
(134,23,'Argenteuil'),
(135,117,'Luleå'),
(136,85,'Panikihan'),
(137,77,'Loum'),
(138,56,'Praga Północ'),
(139,55,'Xinshan'),
(140,3,'Lisia Góra'),
(141,66,'San Miguel de Tucumán'),
(142,11,'Dongshi'),
(143,3,'Noyelles-sous-Lens'),
(144,107,'Ob’'),
(145,81,'Tayu'),
(146,43,'Heyan'),
(147,31,'Xitou'),
(148,22,'Sambong'),
(149,56,'Zhongguan'),
(150,51,'Diamantina'),
(151,72,'Três Corações'),
(152,94,'Rennes'),
(153,13,'Harian'),
(154,28,'Casais de Vera Cruz'),
(155,84,'Beckerich'),
(156,63,'Neuville'),
(157,70,'Boquira'),
(158,53,'Желино'),
(159,85,'Stará Huť'),
(160,42,'Vila Chã do Monte'),
(161,87,'Nzeto'),
(162,93,'Augusto Corrêa'),
(163,50,'Esigodini'),
(164,28,'Kretinga'),
(165,92,'San Vicente'),
(166,51,'Lekas'),
(167,10,'Alegrete'),
(168,92,'Mós'),
(169,81,'Hengxi'),
(170,34,'Morazán'),
(171,68,'Paphos'),
(172,47,'Escada'),
(173,7,'Novi Pazar'),
(174,46,'Argavand'),
(175,101,'Semiring'),
(176,50,'Ouésso'),
(177,17,'Tualeu'),
(178,64,'Shengshan'),
(179,30,'Arneiro'),
(180,13,'Gangnan'),
(181,98,'Benito Juarez'),
(182,112,'Vedène'),
(183,60,'Al Metlaoui'),
(184,12,'Parigi'),
(185,31,'Bor Tungge'),
(186,76,'Qarah Ẕīā’ od Dīn'),
(187,117,'Sumbawa Besar'),
(188,93,'Māwiyah'),
(189,86,'Chenxikou'),
(190,111,'Mubo'),
(191,117,'Songyuan'),
(192,64,'Tsimlyansk'),
(193,105,'Palomoc'),
(194,31,'Jieyang'),
(195,76,'Bilovods\'k'),
(196,110,'Amvrosiyivka'),
(197,51,'Acopampa'),
(198,61,'Kabarnet'),
(199,43,'Medina'),
(200,77,'Pułtusk'),
(201,6,'Farkhor'),
(202,68,'Cangshan'),
(203,36,'Lidu'),
(204,98,'Zhashkiv'),
(205,97,'Tandahimba'),
(206,74,'Jastrebarsko'),
(207,10,'Puerto Natales'),
(208,18,'Santiago dos Velhos'),
(209,54,'Šenkovec'),
(210,105,'Banjarbaru'),
(211,54,'Mtambile'),
(212,75,'San Javier'),
(213,47,'North Bay'),
(214,105,'Sarzedo'),
(215,107,'Edinburgh of the Seven Seas'),
(216,22,'Sulbiny Górne'),
(217,117,'Zhongxiang'),
(218,77,'Jermenovci'),
(219,29,'Oja'),
(220,5,'Armação de Pêra'),
(221,92,'Xiangzhou'),
(222,44,'Beit Horon'),
(223,9,'Quintas'),
(224,22,'Vouani'),
(225,36,'Mengenkrajan'),
(226,111,'Dortmund'),
(227,49,'Pau'),
(228,73,'Mölnlycke'),
(229,74,'Banjar Kampungbugis'),
(230,5,'Mosteiros'),
(231,118,'Dubrovnik'),
(232,107,'Rawuk'),
(233,75,'Daye'),
(234,16,'Yangiobod'),
(235,52,'Kallithéa'),
(236,111,'Marathon'),
(237,9,'Chornoliztsi'),
(238,90,'Żółkiewka'),
(239,107,'Banhā'),
(240,39,'Mangge'),
(241,47,'Sheffield'),
(242,35,'Agrela'),
(243,111,'Manggissari'),
(244,45,'Xinji'),
(245,101,'Fuliang'),
(246,115,'Kuching'),
(247,27,'Vetlanda'),
(248,18,'Basar'),
(249,118,'Trondheim'),
(250,10,'Batabanó'),
(251,100,'Héroumbili'),
(252,73,'Paracuru'),
(253,116,'Langzhong'),
(254,33,'L’govskiy'),
(255,30,'Piteå'),
(256,87,'Tuqiao'),
(257,100,'Banga'),
(258,112,'Nice'),
(259,80,'Homa Bay'),
(260,37,'Sedayu'),
(261,67,'Krajan'),
(262,87,'Tyczyn'),
(263,60,'Sinait'),
(264,16,'Kadubetara'),
(265,57,'Chotepe'),
(266,89,'Zhaobei'),
(267,44,'Hongqiao'),
(268,28,'Alicia'),
(269,45,'Ýpsonas'),
(270,29,'Boromlya'),
(271,14,'Comrat'),
(272,3,'Luoshui'),
(273,10,'Yinjiacheng'),
(274,20,'Salaza'),
(275,95,'Capitán Bermúdez'),
(276,103,'Los Juríes'),
(277,21,'Fordon'),
(278,68,'Komsomol’sk'),
(279,85,'Kashar'),
(280,64,'Kadugadung'),
(281,16,'Pirot'),
(282,64,'Negeriagung'),
(283,80,'Lastoursville'),
(284,46,'Gaoyi'),
(285,16,'Ostrov'),
(286,101,'Kameoka'),
(287,62,'Tizgane'),
(288,82,'Bayan Qagan'),
(289,63,'Thames'),
(290,19,'Atyrau'),
(291,3,'Sarrat'),
(292,21,'Ma Đa Gui'),
(293,22,'Villa Serrano'),
(294,104,'Bouças'),
(295,35,'Yousheng'),
(296,49,'Bordeaux'),
(297,65,'Taoyuan'),
(298,46,'Ljungbyholm'),
(299,30,'Seredyna-Buda'),
(300,69,'Gabi'),
(301,21,'Kurmanayevka'),
(302,26,'Jiujiang'),
(303,60,'Curahklapa'),
(304,63,'Puncaksempur'),
(305,92,'Kampala'),
(306,4,'Villeneuve-d\'Ascq'),
(307,32,'Jixing'),
(308,4,'Haozhai'),
(309,17,'Grodzisk Mazowiecki'),
(310,7,'Grenoble'),
(311,110,'Vřesina'),
(312,17,'Guáimaro'),
(313,76,'Kowang Utara'),
(314,82,'Tuodian'),
(315,48,'Xiaochuan'),
(316,98,'Jingdu'),
(317,19,'Xiongshan'),
(318,98,'Urengoy'),
(319,3,'Bangus Kulon'),
(320,86,'Jabłonica Polska'),
(321,54,'Pukhavichy'),
(322,67,'Jabungsisir'),
(323,55,'Yirga ‘Alem'),
(324,94,'Taiping'),
(325,111,'Tbilisskaya'),
(326,53,'Hanlin'),
(327,108,'Arrabal'),
(328,21,'Ambanja'),
(329,78,'Balaklava'),
(330,57,'La Libertad'),
(331,50,'Jinshan'),
(332,16,'Himanka'),
(333,104,'Nova Lima'),
(334,111,'Clifden'),
(335,41,'Masty'),
(336,5,'Winburg'),
(337,52,'Nerokoúros'),
(338,49,'Shanxia'),
(339,117,'Qiaoyi'),
(340,90,'Hollywood'),
(341,114,'Jacksonville'),
(342,108,'Shāhpur'),
(343,35,'Fukura'),
(344,48,'Mirabel'),
(345,42,'Ala'),
(346,39,'Dorp Tera Kora'),
(347,8,'Chenguang'),
(348,4,'Mporokoso'),
(349,69,'Constanza'),
(350,76,'Daoqiao'),
(351,22,'San Nicolas'),
(352,97,'Lagunas'),
(353,34,'Marmárion'),
(354,78,'Vřesina'),
(355,30,'Uwajima'),
(356,101,'Alvito'),
(357,73,'Gouping'),
(358,100,'Cisalak'),
(359,73,'Dimona'),
(360,49,'Klishkivtsi'),
(361,4,'Rolante'),
(362,42,'Tanjungkerta'),
(363,91,'Duantan'),
(364,104,'Jutiapa'),
(365,11,'Ånge'),
(366,33,'Portel'),
(367,39,'Thành Phố Lạng Sơn'),
(368,109,'Yeoju'),
(369,110,'Nangka'),
(370,7,'Si Prachan'),
(371,45,'Phayakkhaphum Phisai'),
(372,20,'Quintas'),
(373,95,'Wilkes Barre'),
(374,53,'Huillapima'),
(375,60,'Villa Ojo de Agua'),
(376,54,'Taipinghu'),
(377,29,'Chadong'),
(378,106,'Jiuxi'),
(379,68,'Nebug'),
(380,36,'Sidayu'),
(381,70,'Guangfu'),
(382,79,'Masparrito'),
(383,34,'Kumamoto'),
(384,48,'Alcala'),
(385,30,'Kulpin'),
(386,72,'Bestovje'),
(387,58,'Greytown'),
(388,53,'Songjiang'),
(389,102,'Trollhättan'),
(390,45,'Tiegai'),
(391,94,'Punta del Este'),
(392,25,'Sumurgeneng'),
(393,48,'Parreira'),
(394,118,'Kola'),
(395,95,'Umuquena'),
(396,118,'Cavadas'),
(397,57,'Licuan'),
(398,3,'Galutu'),
(399,32,'Katwijk'),
(400,33,'Nanyuan'),
(401,57,'Zambujeira do Mar'),
(402,81,'Dąbie'),
(403,111,'Dambarta'),
(404,50,'Cachoeiro de Itapemirim'),
(405,57,'Kota Kinabalu'),
(406,65,'Synevyr'),
(407,112,'Wenwusha'),
(408,117,'Cové'),
(409,117,'Sokol’skoye'),
(410,11,'Cimanggu'),
(411,50,'Milovice'),
(412,25,'Abū Zabad'),
(413,71,'Daojiang'),
(414,32,'Toyonaka'),
(415,19,'Naḩḩālīn'),
(416,53,'Pyu'),
(417,88,'Åtvidaberg'),
(418,5,'Suisan'),
(419,35,'Katrineholm'),
(420,93,'Gudang'),
(421,24,'Xihuachi'),
(422,11,'Pará de Minas'),
(423,8,'Fukura'),
(424,112,'Guanyinge'),
(425,104,'Liuji'),
(426,84,'Nowe'),
(427,25,'Shuikou'),
(428,80,'Jixi'),
(429,81,'Pisangkemeng'),
(430,34,'Melikkrajan'),
(431,84,'Sabon Gari-Nangere'),
(432,82,'Ulyanovsk'),
(433,52,'Porta'),
(434,16,'Calaya'),
(435,16,'Lyubashivka'),
(436,116,'Gapyeong'),
(437,113,'Wąbrzeźno'),
(438,97,'Ruen'),
(439,114,'Huayucachi'),
(440,117,'Qarqīn'),
(441,106,'Mae Wang'),
(442,56,'San Matías'),
(443,84,'Piotrków Kujawski'),
(444,53,'Héroumbili'),
(445,31,'Skövde'),
(446,113,'Limbalod'),
(447,86,'Belém'),
(448,114,'Prelog'),
(449,37,'Aydūn'),
(450,35,'Goubétto'),
(451,78,'Pavlysh'),
(452,2,'Marseille'),
(453,34,'Bledzew'),
(454,63,'Terpinnya'),
(455,6,'Tampa'),
(456,33,'Bieliny'),
(457,76,'Trzebunia'),
(458,106,'Situ'),
(459,41,'Chowki Jamali'),
(460,66,'Bairro Assunção Piedade'),
(461,35,'Santuario'),
(462,60,'Tuchengzi'),
(463,49,'Ortiga'),
(464,23,'Şafwá'),
(465,23,'Bétérou'),
(466,8,'Xiaozhoushan'),
(467,44,'Diamantina'),
(468,39,'Kulevcha'),
(469,92,'Ash Shuhadā’'),
(470,97,'Mozzozzin Sur'),
(471,88,'Klagen'),
(472,59,'Shijiazhai'),
(473,18,'Venda do Valador'),
(474,29,'Orocué'),
(475,116,'Steblevë'),
(476,14,'Dąbie'),
(477,20,'Pereyaslav-Khmel’nyts’kyy'),
(478,12,'Mahābād'),
(479,53,'Soio'),
(480,68,'Desnogorsk'),
(481,53,'Shuangyang'),
(482,51,'Gatesville'),
(483,21,'Taldyqorghan'),
(484,30,'Lodwar'),
(485,107,'Sarongan'),
(486,44,'Kabor'),
(487,104,'Gnosjö'),
(488,113,'Presidencia Roque Sáenz Peña'),
(489,41,'Saransk'),
(490,71,'Kitwe'),
(491,85,'El Calvario'),
(492,65,'Cihaurbeuti'),
(493,114,'Adela'),
(494,1,'Ferraz de Vasconcelos'),
(495,9,'Dadong'),
(496,66,'Troyes'),
(497,100,'Myeik'),
(498,111,'Kurjan'),
(499,6,'Zghartā'),
(500,22,'Yueshan'),
(501,42,'Bentar'),
(502,20,'Guanajuato'),
(503,13,'Mayskiy'),
(504,89,'Hauhena'),
(505,58,'Kaédi'),
(506,43,'Tikiw'),
(507,92,'São Martinho'),
(508,46,'Stockholm'),
(509,110,'Long Beach'),
(510,51,'Paris 07'),
(511,31,'Pakuwon'),
(512,58,'Kirovskaya'),
(513,38,'Guyang'),
(514,30,'Oroqen Zizhiqi'),
(515,50,'Arjasari'),
(516,90,'Wewoloe'),
(517,93,'Villa del Carmen'),
(518,68,'Zorak'),
(519,34,'Pandan Niog'),
(520,8,'Nankengzi'),
(521,58,'Krajan Baru'),
(522,41,'Fier-Çifçi'),
(523,95,'Rozhnyativ'),
(524,32,'Nowy Duninów'),
(525,117,'Aţ Ţafīlah'),
(526,112,'Aguazul'),
(527,54,'Brody'),
(528,117,'Nybro'),
(529,81,'Elekmonar'),
(530,101,'Oltintopkan'),
(531,42,'Boñgalon'),
(532,91,'Las Matas de Farfán'),
(533,59,'Mariscala'),
(534,38,'Okiot'),
(535,102,'Nyazura'),
(536,96,'Karangbaru'),
(537,108,'Bella Vista'),
(538,85,'Thị Trấn Quế'),
(539,4,'Jianxin'),
(540,48,'Makrychóri'),
(541,22,'Šuto Orizare'),
(542,79,'Sukaraja'),
(543,115,'Banī Mazār'),
(544,37,'Hewa'),
(545,71,'Uherský Brod'),
(546,72,'Masaki-chō'),
(547,90,'Pital'),
(548,112,'Ganja'),
(549,17,'Zarya'),
(550,74,'Francisco I Madero'),
(551,10,'Villa Aglipay'),
(552,91,'Trairi'),
(553,46,'Mersa Matruh'),
(554,73,'Quimper'),
(555,81,'Al Jabīn'),
(556,118,'New York City'),
(557,118,'Tentúgal'),
(558,113,'Vřesina'),
(559,63,'Gandzak'),
(560,82,'Tuzha'),
(561,16,'Ushumun'),
(562,28,'Ozamiz City'),
(563,53,'Wanfang'),
(564,5,'Malway'),
(565,93,'El Gouna'),
(566,73,'Głuchów'),
(567,97,'Sangkalputung'),
(568,24,'Indralayang'),
(569,75,'Zadvorsko'),
(570,107,'Valencia'),
(571,109,'Sumalig'),
(572,75,'Mizoch'),
(573,64,'Mannheim'),
(574,99,'Beni Khiar'),
(575,67,'Załuski'),
(576,69,'Qiakeri'),
(577,28,'Banjar Bias'),
(578,7,'Al Fūlah'),
(579,48,'Zitong'),
(580,4,'Dali'),
(581,58,'28 de Noviembre'),
(582,90,'Kandangsapi'),
(583,35,'Pacobamba'),
(584,84,'Chelbasskaya'),
(585,64,'Panoongan'),
(586,102,'Jugezhuang'),
(587,48,'Beberibe'),
(588,6,'Dongshan'),
(589,48,'Shinkafe'),
(590,77,'Ciloa'),
(591,81,'Shuinanxu'),
(592,2,'Talhār'),
(593,65,'Mogi das Cruzes'),
(594,35,'Veřovice'),
(595,2,'Andarapa'),
(596,45,'Mortka'),
(597,114,'Qabqir'),
(598,106,'Yukou'),
(599,65,'Crateús'),
(600,20,'Buzen'),
(601,107,'Qozonketkan'),
(602,82,'Komga'),
(603,31,'Chervonohryhorivka'),
(604,95,'Tiedonglu'),
(605,5,'Mauhao'),
(606,56,'Thionville'),
(607,99,'Xidianzi'),
(608,118,'Padangulaktanding'),
(609,111,'Staraya Kupavna'),
(610,11,'Bridgewater'),
(611,81,'Chaoyangdong'),
(612,106,'Estaca'),
(613,2,'Rybatskoye'),
(614,34,'Arnhem'),
(615,105,'Pointe-à-Pitre'),
(616,74,'El Galpón'),
(617,103,'Meaux'),
(618,58,'Dahu'),
(619,6,'Weston'),
(620,95,'Radnice'),
(621,23,'Słupsk'),
(622,17,'Cikuray'),
(623,3,'Liên Chiểu'),
(624,91,'Tessalit'),
(625,50,'Oslo'),
(626,111,'Miguel Hidalgo'),
(627,42,'Ar Ramāḑīn'),
(628,36,'Libao'),
(629,58,'Kemendung'),
(630,100,'Yanacancha'),
(631,114,'Agrela'),
(632,73,'Nanterre'),
(633,80,'Sebadelhe'),
(634,83,'Mỹ Xuyên'),
(635,81,'El Paso'),
(636,8,'Subotica'),
(637,85,'Douane'),
(638,88,'Picos'),
(639,95,'Marilao'),
(640,111,'Molteno'),
(641,53,'Pinhal de Frades'),
(642,7,'Tak'),
(643,27,'Sanxianling'),
(644,19,'Attard'),
(645,69,'Maodao'),
(646,17,'Kharkhorin'),
(647,68,'Lixiqiao'),
(648,8,'Saint Louis'),
(649,90,'San José de Jáchal'),
(650,16,'Kunvald'),
(651,114,'Shkodër'),
(652,46,'Pinghu'),
(653,35,'Primorka'),
(654,100,'Sofifi'),
(655,63,'Zhavoronki'),
(656,100,'Hovd'),
(657,93,'Drosáto'),
(658,51,'Antananarivo'),
(659,18,'Yakovlevskoye'),
(660,15,'Byczyna'),
(661,19,'Cahuacho'),
(662,114,'Chechenglu'),
(663,24,'Longfengba'),
(664,62,'Sterlitamak'),
(665,47,'Woja'),
(666,72,'Fianarantsoa'),
(667,72,'Margotuhu Kidul'),
(668,57,'Januszkowice'),
(669,59,'Thị Trấn Cao Lộc'),
(670,93,'Nang Rong'),
(671,7,'Pocokan Satu'),
(672,109,'Chengbei'),
(673,102,'Mampong'),
(674,98,'Denver'),
(675,43,'Funga'),
(676,19,'Xiaolou'),
(677,75,'Le Mans'),
(678,87,'Oklahoma City'),
(679,64,'Yangxi'),
(680,40,'Brodarica'),
(681,82,'Askaniya Nova'),
(682,68,'Sidi Slimane'),
(683,8,'Ełk'),
(684,46,'Al Kittah'),
(685,32,'Hongchun'),
(686,5,'Coruripe'),
(687,99,'Borek'),
(688,45,'Bacnar'),
(689,118,'Lewisporte'),
(690,51,'Yashiga'),
(691,22,'Panorama'),
(692,57,'Strohonivka'),
(693,64,'Babakanbungur'),
(694,71,'Taizi'),
(695,108,'Uruzgān'),
(696,63,'Youghal'),
(697,10,'Salwá'),
(698,38,'Poá'),
(699,15,'Gaillac'),
(700,20,'Linggamanik'),
(701,96,'Sabang'),
(702,71,'Lenchwe Le Tau'),
(703,1,'Yongheshi'),
(704,13,'Cocachacra'),
(705,23,'Tiyingtali Kelod'),
(706,30,'Liudu'),
(707,63,'Hufang'),
(708,78,'Cabiguan'),
(709,83,'Tmourghout'),
(710,37,'Bocaiúva'),
(711,58,'Huoxian'),
(712,4,'Pangao'),
(713,73,'Srinjine'),
(714,55,'Sydney'),
(715,49,'Tuburan'),
(716,32,'Dąbrowice'),
(717,90,'Huangnan'),
(718,78,'Capela'),
(719,107,'Tiên Lãng'),
(720,107,'Dolní Kounice'),
(721,109,'Västerås'),
(722,59,'Biruinţa'),
(723,83,'Orël'),
(724,47,'Mstów'),
(725,50,'Lamadong'),
(726,21,'Tlogowetan'),
(727,78,'Cruz das Almas'),
(728,41,'Saint-Constant'),
(729,68,'Jacaltenango'),
(730,25,'Krosno'),
(731,33,'Boavista'),
(732,59,'Liangbing'),
(733,37,'Alcalá'),
(734,39,'Fangli'),
(735,96,'Vreshtas'),
(736,2,'Itatuba'),
(737,43,'Villefranche-sur-Mer'),
(738,111,'Jiupu'),
(739,23,'Uddevalla'),
(740,59,'Cimo de Vila'),
(741,6,'Miranda'),
(742,95,'El Hamma'),
(743,92,'Cintra'),
(744,110,'Quinta'),
(745,79,'Qobu'),
(746,99,'Tabora'),
(747,36,'Abelheira'),
(748,59,'Hicksville'),
(749,30,'Wufu'),
(750,28,'Mandapajaya'),
(751,90,'Krajan Pundungsari'),
(752,63,'Liang'),
(753,91,'Banī Zayd'),
(754,9,'Nugas'),
(755,66,'Lucapa'),
(756,90,'East Migpulao'),
(757,1,'Tena'),
(758,104,'Macaé'),
(759,79,'Welchman Hall'),
(760,117,'Jalanbaru'),
(761,18,'Houston'),
(762,94,'San Isidro'),
(763,86,'Shuigou’ao'),
(764,28,'Liugou'),
(765,38,'Mastung'),
(766,21,'Lakatoro'),
(767,113,'Puerto Bello'),
(768,94,'Laâyoune / El Aaiún'),
(769,108,'Pingling'),
(770,82,'Jingchuan Chengguanzhen'),
(771,83,'Polepy'),
(772,67,'Barretos'),
(773,10,'Pongkor'),
(774,111,'Altuf’yevskiy'),
(775,50,'Huangchuan'),
(776,66,'Zunilito'),
(777,57,'Kaustinen'),
(778,26,'Bogorame'),
(779,60,'Monterrey'),
(780,110,'Calinog'),
(781,79,'Nangabere'),
(782,9,'Zhangjiaji'),
(783,77,'Saryaghash'),
(784,90,'Dongxi'),
(785,33,'Potštát'),
(786,99,'Qobustan'),
(787,108,'Santa Ana'),
(788,1,'Zebrzydowice'),
(789,74,'Tres Arroyos'),
(790,103,'Heydərabad'),
(791,51,'Randegan'),
(792,58,'Bořetice'),
(793,117,'Naples'),
(794,67,'Qom'),
(795,78,'Thị Trấn Cao Phong'),
(796,118,'Lianga'),
(797,31,'Niny'),
(798,102,'Jadho'),
(799,77,'Tarascon'),
(800,99,'Tyler'),
(801,44,'Verkhneye Kazanishche'),
(802,117,'Blon’'),
(803,104,'Pudoc North'),
(804,101,'Jimaguayú'),
(805,89,'Chinú'),
(806,81,'Všemina'),
(807,77,'Edissiya'),
(808,47,'Buenos Aires'),
(809,53,'Digby'),
(810,93,'Huangzhuang'),
(811,92,'Ouadda'),
(812,94,'São José de Mipibu'),
(813,117,'Cintra'),
(814,35,'Manama'),
(815,9,'Oliveira'),
(816,74,'Кондово'),
(817,64,'Toutai'),
(818,33,'Randuagung'),
(819,100,'Strzelce'),
(820,36,'Charikar'),
(821,11,'Sirinhaém'),
(822,108,'Wenbi'),
(823,100,'Köping'),
(824,20,'Przecław'),
(825,63,'Bazar-Korgon'),
(826,73,'Rokytne'),
(827,64,'Curug'),
(828,36,'Satis'),
(829,1,'Penalva'),
(830,20,'Rejowinangun'),
(831,40,'Alicia'),
(832,95,'Bantarjati'),
(833,27,'Dashkawka'),
(834,80,'Mrzezino'),
(835,88,'Bom Sucesso'),
(836,96,'Kalimati'),
(837,69,'Shuidun'),
(838,68,'Telde'),
(839,98,'Xiangtang'),
(840,40,'Mỹ Xuyên'),
(841,39,'Tangyu'),
(842,2,'Longcun'),
(843,21,'Labège'),
(844,62,'Bulacan'),
(845,95,'Qiandong'),
(846,9,'Kepel'),
(847,36,'Ganshui'),
(848,114,'Gaoqiao'),
(849,100,'Néo Psychikó'),
(850,80,'Cishangang'),
(851,22,'Sonta'),
(852,31,'Vodnyy'),
(853,31,'Cetinje'),
(854,66,'Prigrevica'),
(855,10,'Nashville'),
(856,21,'Harrismith'),
(857,12,'Reshetnikovo'),
(858,90,'Ron Phibun'),
(859,33,'Huaguo'),
(860,11,'Katovice'),
(861,94,'Waru'),
(862,89,'Jarry'),
(863,57,'Benito Juarez'),
(864,30,'Culacling'),
(865,116,'Zürich'),
(866,37,'Zárkos'),
(867,91,'Annaka'),
(868,61,'Mandal'),
(869,43,'Laval'),
(870,94,'Неготино'),
(871,85,'Vostok'),
(872,36,'Gomel'),
(873,10,'Manning'),
(874,60,'Poste de Flacq'),
(875,34,'Saint-Étienne'),
(876,101,'Aramayuan'),
(877,36,'Wuxiang'),
(878,32,'Capitán Bermúdez'),
(879,65,'Reconquista'),
(880,109,'Warugunung'),
(881,9,'Patimuan'),
(882,85,'Sundbyberg'),
(883,83,'Bollène'),
(884,76,'Al Ḩaffah'),
(885,117,'Fort Macleod'),
(886,54,'Pianling'),
(887,84,'Arrabal'),
(888,68,'Huangzhai'),
(889,57,'Tangxi'),
(890,26,'Bulumulyo'),
(891,93,'Creil'),
(892,105,'Guarenas'),
(893,62,'Kupang'),
(894,48,'Shibushi'),
(895,104,'Duri'),
(896,112,'Laojunpo'),
(897,39,'Tpig'),
(898,51,'Placer'),
(899,51,'Kalianget'),
(900,32,'Dietaisi'),
(901,33,'Upig'),
(902,88,'Puerto Asís'),
(903,91,'Al Metlaoui'),
(904,40,'Akron'),
(905,106,'Calvário'),
(906,57,'Aviúges'),
(907,36,'Eisen'),
(908,95,'Maţāy'),
(909,35,'Sovetskaya'),
(910,113,'Koua'),
(911,79,'Halton'),
(912,90,'Jinshanpu'),
(913,71,'Suru'),
(914,6,'Jajar'),
(915,58,'Labuhansumbawa'),
(916,116,'Playas'),
(917,107,'Évreux'),
(918,18,'Hejiayan'),
(919,107,'Qiman'),
(920,5,'Mthatha'),
(921,29,'Néa Ankhíalos'),
(922,38,'Ehen Hudag'),
(923,61,'Chernyanka'),
(924,9,'Sonsón'),
(925,4,'Sơn Tây'),
(926,94,'Lyon'),
(927,62,'Haibara'),
(928,61,'Guanagazapa'),
(929,113,'Ostrožská Nová Ves'),
(930,48,'Ganggawang'),
(931,5,'Myhiya'),
(932,19,'Guanbuqiao'),
(933,15,'Melchor de Mencos'),
(934,97,'Pulo'),
(935,104,'Wangtuan'),
(936,44,'Kolindrós'),
(937,86,'Orodara'),
(938,96,'Gbadolite'),
(939,115,'Tuban'),
(940,73,'Omaha'),
(941,114,'Finspång'),
(942,9,'Luojiang'),
(943,3,'Kolbuszowa'),
(944,20,'Cumaná'),
(945,64,'Anyang'),
(946,40,'Harjavalta'),
(947,84,'Punākha'),
(948,40,'Montpellier'),
(949,114,'Białośliwie'),
(950,112,'Chivilcoy'),
(951,108,'Shewopo'),
(952,58,'Ruukki'),
(953,80,'Larvik'),
(954,35,'Stari Grad'),
(955,29,'Lužani'),
(956,63,'Las Terrenas'),
(957,63,'Azueira'),
(958,109,'Raleigh'),
(959,2,'Faīẕābād'),
(960,6,'Bilovods\'k'),
(961,56,'Hollywood'),
(962,105,'Papatowai'),
(963,57,'Aizkraukle'),
(964,49,'Velké Bílovice'),
(965,2,'Cimahi'),
(966,34,'Pardesiyya'),
(967,5,'Cianorte'),
(968,9,'La Clotilde'),
(969,59,'Fonte Boa'),
(970,118,'Pedreira'),
(971,104,'Russas'),
(972,117,'Jagiełła'),
(973,14,'Baofeng'),
(974,35,'Dawu Chengguanzhen'),
(975,113,'Muro'),
(976,81,'Nikhom Phattana'),
(977,77,'Nanxi'),
(978,86,'Pante Raja'),
(979,29,'Belz'),
(980,9,'Qal‘ah-ye Na‘īm'),
(981,63,'Shanghu'),
(982,72,'Bagusan'),
(983,59,'Gafanha da Encarnação'),
(984,20,'Erping'),
(985,5,'Néa Magnisía'),
(986,38,'Strunino'),
(987,35,'Kalimeneng'),
(988,114,'Matola'),
(989,14,'Kota Bharu'),
(990,64,'Bacnor East'),
(991,43,'Cishan'),
(992,9,'Ciudad Bolívar'),
(993,65,'Vacov'),
(994,65,'Xiaohebian'),
(995,114,'Samran'),
(996,91,'Köln'),
(997,12,'København'),
(998,87,'Colonia Nicolich'),
(999,59,'Shawan'),
(1000,88,'Simi Valley');

/*Table structure for table `clientes_distribuidora` */

DROP TABLE IF EXISTS `clientes_distribuidora`;

CREATE TABLE `clientes_distribuidora` (
  `id_clientes_distribuidora` int(11) NOT NULL AUTO_INCREMENT,
  `nombre_clientes_distribuidora` varchar(255) NOT NULL,
  `nit_clientes_distribuidora` varchar(255) NOT NULL,
  `nombre_representante` varchar(255) NOT NULL,
  `telefono_principal` varchar(255) NOT NULL,
  PRIMARY KEY (`id_clientes_distribuidora`)
) ENGINE=InnoDB AUTO_INCREMENT=1001 DEFAULT CHARSET=utf8mb4;

/*Data for the table `clientes_distribuidora` */

insert  into `clientes_distribuidora`(`id_clientes_distribuidora`,`nombre_clientes_distribuidora`,`nit_clientes_distribuidora`,`nombre_representante`,`telefono_principal`) values 
(1,'Lumos Networks Corp.','25-288-4067','Derrek Castelli','520-708-3431'),
(2,'SORL Auto Parts, Inc.','66-398-9473','Dodie Sydry','959-680-2005'),
(3,'Kingsway Financial Services, Inc.','96-068-8888','Yevette Fritschmann','659-865-9605'),
(4,'OSI Systems, Inc.','21-387-4496','Eadmund Wimmers','619-231-9096'),
(5,'BP Prudhoe Bay Royalty Trust','74-288-2440','Lambert Burnhams','501-432-0068'),
(6,'WhiteHorse Finance, Inc.','59-878-2207','Herculie Fairnie','418-316-9590'),
(7,'Telephone and Data Systems, Inc.','85-232-6991','Jandy Kerfoot','929-928-8192'),
(8,'Cohen & Steers Limited Duration Preferred and Income Fund, Inc','21-249-0851','Lorry Schall','467-250-0570'),
(9,'Consumer Portfolio Services, Inc.','84-999-6932','Hedda Shearman','637-216-2477'),
(10,'Centene Corporation','47-805-3607','Iolande Purdom','514-370-5771'),
(11,'Bank Mutual Corporation','89-948-8022','Toddie Chominski','306-428-2655'),
(12,'Nuveen Insured New York Select Tax-Free Income Portfolio','01-245-5300','Agustin Szymanski','945-815-6534'),
(13,'Brocade Communications Systems, Inc.','91-431-0994','Olympe Clavering','845-439-1139'),
(14,'IRSA Propiedades Comerciales S.A.','23-281-9907','Jessy McKevin','434-176-2530'),
(15,'Conifer Holdings, Inc.','24-988-3485','Sunny Codeman','203-364-1669'),
(16,'John Hancock Financial Opportunities Fund','12-533-3819','Mortie McKenzie','317-360-1853'),
(17,'VWR Corporation','31-423-1813','Alessandra Adicot','677-127-5447'),
(18,'Celsius Holdings, Inc.','82-244-6830','Pepi Hullins','875-471-6591'),
(19,'Calamos Convertible and High Income Fund','38-250-2467','Heddie Belhome','308-375-6367'),
(20,'Greenhill & Co., Inc.','45-601-4144','Shem House','906-139-8365'),
(21,'Vident Core US Equity ETF','80-060-6478','Thorstein Ewin','678-502-0420'),
(22,'Advaxis, Inc.','55-585-7206','Lauryn Bedow','511-759-6321'),
(23,'First Trust NASDAQ Global Auto Index Fund','45-184-3692','Theodosia Fawkes','427-573-1616'),
(24,'BioMarin Pharmaceutical Inc.','75-669-8657','Celina Fetter','243-836-2125'),
(25,'Atlantic Coast Financial Corporation','14-877-5944','Claiborn Joplin','333-467-7657'),
(26,'Global Blood Therapeutics, Inc.','61-086-2780','Jeralee Callf','590-791-2690'),
(27,'Freshpet, Inc.','04-285-3452','Lionello Hinz','346-587-6777'),
(28,'Pennsylvania Real Estate Investment Trust','43-185-4962','Cindee Rawlyns','881-282-7312'),
(29,'Navigant Consulting, Inc.','54-103-3951','Bryn Gibbs','878-127-3341'),
(30,'KB Home','02-636-4638','Arlyne Filmer','512-209-9124'),
(31,'IDEX Corporation','88-933-4056','Bertie Bindley','650-776-1069'),
(32,'China Ceramics Co., Ltd.','10-538-4827','Kendrick Peet','918-100-2860'),
(33,'Luby\'s, Inc.','77-576-4041','Orly Makey','142-895-4617'),
(34,'Sonoma Pharmaceuticals, Inc.','04-603-4451','Gerri Attridge','201-742-6502'),
(35,'First Capital, Inc.','34-801-1207','Caitlin Sheddan','493-328-5299'),
(36,'Phillips 66 Partners LP','68-515-7701','Yancey Chisnall','324-338-7221'),
(37,'Appliance Recycling Centers of America, Inc.','02-203-7330','Eloise Beange','528-257-0240'),
(38,'Blackrock Muni Intermediate Duration Fund Inc','07-466-6688','Gage Iredell','512-931-1032'),
(39,'Synaptics Incorporated','71-381-7154','Korella Laurencot','907-327-7733'),
(40,'SandRidge Mississippian Trust II','58-272-0802','Lance McGilleghole','752-251-4240'),
(41,'Western Asset Mortgage Defined Opportunity Fund Inc','66-022-2183','Cassandra Dollman','252-334-5838'),
(42,'DTE Energy Company','37-949-5321','Guglielma Febre','193-872-1152'),
(43,'Medovex Corp.','68-967-8810','Gabby Krysiak','788-920-6310'),
(44,'Jason Industries, Inc.','93-643-4265','Adore Wrathmall','265-180-8914'),
(45,'EnteroMedics Inc.','46-085-3311','Jacques Attryde','622-357-7127'),
(46,'Boot Barn Holdings, Inc.','26-024-6169','Tim Dyka','780-966-4430'),
(47,'Professional Diversity Network, Inc.','70-330-7900','Inna Noli','502-434-5722'),
(48,'International Speedway Corporation','07-956-2205','Audrey Shervington','448-472-5754'),
(49,'VSE Corporation','33-729-9938','Cathrine Janssens','586-120-0454'),
(50,'Cullen/Frost Bankers, Inc.','81-698-2068','Mahalia Critoph','315-474-7514');

/*Table structure for table `departamentos` */

DROP TABLE IF EXISTS `departamentos`;

CREATE TABLE `departamentos` (
  `id_departamentos` int(11) NOT NULL AUTO_INCREMENT,
  `id_paises` int(11) NOT NULL,
  `id_encargados_sucursales_clientes_distribuidora` int(11) NOT NULL,
  `detalle_departamentos` varchar(255) NOT NULL,
  PRIMARY KEY (`id_departamentos`),
  KEY `id_paises` (`id_paises`),
  KEY `id_encargados_sucursales_clientes_distribuidora` (`id_encargados_sucursales_clientes_distribuidora`),
  CONSTRAINT `departamentos_ibfk_1` FOREIGN KEY (`id_paises`) REFERENCES `paises` (`id_paises`),
  CONSTRAINT `departamentos_ibfk_2` FOREIGN KEY (`id_encargados_sucursales_clientes_distribuidora`) REFERENCES `encargados_sucursales_clientes_distribuidora` (`id_encargados_sucursales_clientes_distribuidora`)
) ENGINE=InnoDB AUTO_INCREMENT=119 DEFAULT CHARSET=utf8mb4;

/*Data for the table `departamentos` */

insert  into `departamentos`(`id_departamentos`,`id_paises`,`id_encargados_sucursales_clientes_distribuidora`,`detalle_departamentos`) values 
(1,1,1,'Amazonas'),
(2,1,2,'Antioquía'),
(3,1,3,'Arauca'),
(4,1,4,'Atlántico'),
(5,1,5,'Bolívar'),
(6,1,6,'Boyacá'),
(7,1,7,'Caldas'),
(8,1,8,'Caquetá'),
(9,1,9,'Casanare'),
(10,1,10,'Cauca'),
(11,1,11,'Cesar'),
(12,1,12,'Chocó'),
(13,1,13,'Córdoba'),
(14,1,14,'Cundinamarca'),
(15,1,15,'Guainía'),
(16,1,16,'Guaviare'),
(17,1,17,'Huila'),
(18,1,18,'La Guajira'),
(19,1,19,'Magdalena'),
(20,1,20,'Meta'),
(21,1,21,'Nariño'),
(22,1,22,'Norte de Santander'),
(23,1,23,'Putumayo'),
(24,1,24,'Quindío'),
(25,1,25,'Risaralda'),
(26,2,26,'Azuay'),
(27,2,27,'Bolívar'),
(28,2,28,'Cañar'),
(29,2,29,'Carchi'),
(30,2,30,'Chimborazo'),
(31,2,31,'Cotopaxi'),
(32,2,32,'El Oro'),
(33,2,33,'Esmeraldas'),
(34,2,34,'Galápagos'),
(35,2,35,'Guayas'),
(36,2,36,'Imbabura'),
(37,2,37,'Loja'),
(38,2,38,'Los Ríos'),
(39,2,39,'Manabí'),
(40,2,40,'Morona-Santiago'),
(41,2,41,'Napo'),
(42,2,42,'Orellana'),
(43,2,43,'Pastaza'),
(44,2,44,'Pichincha'),
(45,2,45,'Santa Elena'),
(46,2,46,'Santo Domingo de los Tsáchilas'),
(47,2,47,'Sucumbíos'),
(48,2,48,'Tungurahua'),
(49,2,49,'Zamora-Chinchipe'),
(50,3,50,'Aguascalientes'),
(51,3,51,'Baja California'),
(52,3,52,'Baja California Sur'),
(53,3,53,'Campeche'),
(54,3,54,'Chiapas'),
(55,3,55,'Chihuahua'),
(56,3,56,'Ciudad de México'),
(57,3,57,'Coahuila de Zaragoza5'),
(58,3,58,'Colima'),
(59,3,59,'Durango'),
(60,3,60,'Guanajuato'),
(61,3,61,'Guerrero'),
(62,3,62,'Hidalgo'),
(63,3,63,'Jalisco'),
(64,3,64,'México'),
(65,3,65,'Michoacán de Ocampo'),
(66,3,66,'Morelos'),
(67,3,67,'Nayarit'),
(68,3,68,'Nuevo León'),
(69,3,69,'Oaxaca'),
(70,3,70,'Puebla'),
(71,3,71,'Querétaro'),
(72,3,72,'Quintana Roo'),
(73,3,73,'San Luis Potosí'),
(74,3,74,'Sinaloa'),
(75,3,75,'Sonora6'),
(76,3,76,'Tabasco'),
(77,3,77,'Tamaulipas'),
(78,3,78,'Tlaxcala'),
(79,3,79,'Veracruz de Ignacio de la Llave'),
(80,3,80,'Yucatán7'),
(81,3,81,'Zacatecas'),
(82,4,82,'Bocas del Toro'),
(83,4,83,'Coclé'),
(84,4,84,'Colón'),
(85,4,85,'Chiriquí'),
(86,4,86,'Darién'),
(87,4,87,'Herrera'),
(88,4,88,'Los Santos'),
(89,4,89,'Panamá'),
(90,4,90,'Veraguas'),
(91,4,91,'Panamá Oeste'),
(92,5,92,'Acre (AC)'),
(93,5,93,'Alagoas (AL)'),
(94,5,94,'Amapá (AP)'),
(95,5,95,'Amazonas (AM)'),
(96,5,96,'Bahía (BA)'),
(97,5,97,'Ceará (CE)'),
(98,5,98,'Espírito Santo (ES)'),
(99,5,99,'Goiás (GO)'),
(100,5,100,'Maranhão (MA)'),
(101,5,101,'Mato Grosso (MT)'),
(102,5,102,'Mato Grosso del Sur (MS)'),
(103,5,103,'Minas Gerais (MG)'),
(104,5,104,'Pará (PA)'),
(105,5,105,'Paraíba (PB)'),
(106,5,106,'Paraná (PR)'),
(107,5,107,'Pernambuco (PE)'),
(108,5,108,'Piauí (PI)'),
(109,5,109,'Río de Janeiro (RJ)'),
(110,5,110,'Río Grande del Norte (RN)'),
(111,5,111,'Río Grande del Sur (RS)'),
(112,5,112,'Rondônia (RO)'),
(113,5,113,'Roraima (RR)'),
(114,5,114,'Santa Catarina (SC)'),
(115,5,115,'São Paulo (SP)'),
(116,5,116,'Sergipe (SE)'),
(117,5,117,'Tocantins (TO)'),
(118,5,118,'Distrito Federal (DF)');

/*Table structure for table `encargados_departamento` */

DROP TABLE IF EXISTS `encargados_departamento`;

CREATE TABLE `encargados_departamento` (
  `id_encargados_departamento` int(11) NOT NULL AUTO_INCREMENT,
  `id_departamentos` int(11) NOT NULL,
  PRIMARY KEY (`id_encargados_departamento`),
  KEY `id_departamentos` (`id_departamentos`),
  CONSTRAINT `encargados_departamento_ibfk_1` FOREIGN KEY (`id_departamentos`) REFERENCES `departamentos` (`id_departamentos`)
) ENGINE=InnoDB AUTO_INCREMENT=119 DEFAULT CHARSET=utf8mb4;

/*Data for the table `encargados_departamento` */

insert  into `encargados_departamento`(`id_encargados_departamento`,`id_departamentos`) values 
(1,1),
(2,2),
(3,3),
(4,4),
(5,5),
(6,6),
(7,7),
(8,8),
(9,9),
(10,10),
(11,11),
(12,12),
(13,13),
(14,14),
(15,15),
(16,16),
(17,17),
(18,18),
(19,19),
(20,20),
(21,21),
(22,22),
(23,23),
(24,24),
(25,25),
(26,26),
(27,27),
(28,28),
(29,29),
(30,30),
(31,31),
(32,32),
(33,33),
(34,34),
(35,35),
(36,36),
(37,37),
(38,38),
(39,39),
(40,40),
(41,41),
(42,42),
(43,43),
(44,44),
(45,45),
(46,46),
(47,47),
(48,48),
(49,49),
(50,50),
(51,51),
(52,52),
(53,53),
(54,54),
(55,55),
(56,56),
(57,57),
(58,58),
(59,59),
(60,60),
(61,61),
(62,62),
(63,63),
(64,64),
(65,65),
(66,66),
(67,67),
(68,68),
(69,69),
(70,70),
(71,71),
(72,72),
(73,73),
(74,74),
(75,75),
(76,76),
(77,77),
(78,78),
(79,79),
(80,80),
(81,81),
(82,82),
(83,83),
(84,84),
(85,85),
(86,86),
(87,87),
(88,88),
(89,89),
(90,90),
(91,91),
(92,92),
(93,93),
(94,94),
(95,95),
(96,96),
(97,97),
(98,98),
(99,99),
(100,100),
(101,101),
(102,102),
(103,103),
(104,104),
(105,105),
(106,106),
(107,107),
(108,108),
(109,109),
(110,110),
(111,111),
(112,112),
(113,113),
(114,114),
(115,115),
(116,116),
(117,117),
(118,118);

/*Table structure for table `encargados_sucursales_clientes_distribuidora` */

DROP TABLE IF EXISTS `encargados_sucursales_clientes_distribuidora`;

CREATE TABLE `encargados_sucursales_clientes_distribuidora` (
  `id_encargados_sucursales_clientes_distribuidora` int(11) NOT NULL AUTO_INCREMENT,
  `nombres_encargados_sucursales_clientes_distribuidora` varchar(255) NOT NULL,
  PRIMARY KEY (`id_encargados_sucursales_clientes_distribuidora`)
) ENGINE=InnoDB AUTO_INCREMENT=119 DEFAULT CHARSET=utf8mb4;

/*Data for the table `encargados_sucursales_clientes_distribuidora` */

insert  into `encargados_sucursales_clientes_distribuidora`(`id_encargados_sucursales_clientes_distribuidora`,`nombres_encargados_sucursales_clientes_distribuidora`) values 
(1,'Brianna Finan'),
(2,'Kayle Polet'),
(3,'Jody Whates'),
(4,'Tye Illes'),
(5,'Livy Maffini'),
(6,'Godart Odgaard'),
(7,'Walt Eadmeads'),
(8,'Kiel Daniele'),
(9,'Christiana Hassen'),
(10,'Lindsay Stops'),
(11,'Fina Beuscher'),
(12,'Aldon Cram'),
(13,'Winn Stileman'),
(14,'Paulie Beddingham'),
(15,'Schuyler Rowan'),
(16,'Jo ann Ventom'),
(17,'Emory Conry'),
(18,'Antonella Vasyunin'),
(19,'Tressa Gerson'),
(20,'Germaine Stuckley'),
(21,'Ree Villa'),
(22,'Darbie Hasel'),
(23,'Rora Vasyukhnov'),
(24,'Hakim Farlamb'),
(25,'Elsbeth Landsman'),
(26,'Harmonia Godspeede'),
(27,'Montgomery Clac'),
(28,'Miranda Elphee'),
(29,'Fred Korn'),
(30,'Bruno Fansy'),
(31,'Banky Peddar'),
(32,'Trumann Adamiec'),
(33,'Aldis Hargreves'),
(34,'Shaw Duligall'),
(35,'Lucita Mattinson'),
(36,'Josefa Codman'),
(37,'Drew Grafham'),
(38,'Niko Stairmand'),
(39,'Margot Muzzi'),
(40,'Marty Josipovitz'),
(41,'Bernice Oels'),
(42,'Avigdor Fahy'),
(43,'Hartley Rattenberie'),
(44,'Kristien Parramore'),
(45,'Cletus Janjusevic'),
(46,'Abeu O\' Molan'),
(47,'Anthea Warret'),
(48,'Claudetta Laxon'),
(49,'Karel Belvard'),
(50,'Kinny Mcwhinnie'),
(51,'Jewell Eayres'),
(52,'Wilden Chastelain'),
(53,'Letta Synke'),
(54,'Zorina Murricanes'),
(55,'Harlie Banthorpe'),
(56,'Melanie Davet'),
(57,'Shannon Kettley'),
(58,'Ly Dean'),
(59,'Piper Foxhall'),
(60,'Meggy Dyneley'),
(61,'Gordie Oloshkin'),
(62,'Horatia Toombs'),
(63,'Giles Ruilton'),
(64,'Gus Lanceley'),
(65,'Heinrick Dominguez'),
(66,'Sergio McIan'),
(67,'Viola Clyde'),
(68,'Annecorinne Letson'),
(69,'Blanch Farres'),
(70,'Verne Radbourn'),
(71,'Nicky Roxburch'),
(72,'Ogden Willas'),
(73,'Dov Oehme'),
(74,'Phillida Bloxland'),
(75,'Gil Tranfield'),
(76,'Aidan Yggo'),
(77,'Boycey Pilipyak'),
(78,'Sigvard Marti'),
(79,'Colver Goodbourn'),
(80,'Juieta Lidgley'),
(81,'Don Chater'),
(82,'Randy Wait'),
(83,'Salvador Racher'),
(84,'Pietra MacKenzie'),
(85,'Vilhelmina Longforth'),
(86,'Ford Ewebank'),
(87,'Kristi Grafton-Herbert'),
(88,'Florella Pharo'),
(89,'Lorelle Joutapaitis'),
(90,'Pablo Simes'),
(91,'Raynor Copello'),
(92,'Pen Bewly'),
(93,'Prentice Cowans'),
(94,'Margie Duling'),
(95,'Ciel Jelf'),
(96,'Cherilyn Tinker'),
(97,'Alyss Foulkes'),
(98,'Celle Laundon'),
(99,'Glenn Slimme'),
(100,'Bellanca de Castelain'),
(101,'Bernardo Arnely'),
(102,'Freeman Eyes'),
(103,'Valene Hallgath'),
(104,'Luisa Milington'),
(105,'Rachele Yeo'),
(106,'Marita Saunter'),
(107,'Tamra Kitter'),
(108,'Thia Longcake'),
(109,'Nathanael Athersmith'),
(110,'Andonis Stapley'),
(111,'Tod Mourton'),
(112,'Legra Macey'),
(113,'Dana Whitter'),
(114,'Regan Sambiedge'),
(115,'Naoma Annandale'),
(116,'Jefferey Hallstone'),
(117,'Patrice Cartlidge'),
(118,'Rozalin Rolland');

/*Table structure for table `paises` */

DROP TABLE IF EXISTS `paises`;

CREATE TABLE `paises` (
  `id_paises` int(11) NOT NULL AUTO_INCREMENT,
  `detalle_paises` varchar(255) NOT NULL,
  PRIMARY KEY (`id_paises`)
) ENGINE=InnoDB AUTO_INCREMENT=6 DEFAULT CHARSET=utf8mb4;

/*Data for the table `paises` */

insert  into `paises`(`id_paises`,`detalle_paises`) values 
(1,'Colombia'),
(2,'Ecuador'),
(3,'Mexico'),
(4,'Panama'),
(5,'Brasil');

/*Table structure for table `sucursales_clientes_distribuidora` */

DROP TABLE IF EXISTS `sucursales_clientes_distribuidora`;

CREATE TABLE `sucursales_clientes_distribuidora` (
  `id_sucursales_clientes_distribuidora` int(11) NOT NULL AUTO_INCREMENT,
  `id_clientes_distribuidora` int(11) NOT NULL,
  `id_ciudades` int(11) NOT NULL,
  `numero_contacto` varchar(255) NOT NULL,
  `direccion` varchar(255) NOT NULL,
  PRIMARY KEY (`id_sucursales_clientes_distribuidora`),
  KEY `id_ciudades` (`id_ciudades`),
  KEY `id_clientes_distribuidora` (`id_clientes_distribuidora`),
  CONSTRAINT `sucursales_clientes_distribuidora_ibfk_1` FOREIGN KEY (`id_ciudades`) REFERENCES `ciudades` (`id_ciudades`),
  CONSTRAINT `sucursales_clientes_distribuidora_ibfk_2` FOREIGN KEY (`id_clientes_distribuidora`) REFERENCES `clientes_distribuidora` (`id_clientes_distribuidora`)
) ENGINE=InnoDB AUTO_INCREMENT=301 DEFAULT CHARSET=utf8mb4;

/*Data for the table `sucursales_clientes_distribuidora` */

insert  into `sucursales_clientes_distribuidora`(`id_sucursales_clientes_distribuidora`,`id_clientes_distribuidora`,`id_ciudades`,`numero_contacto`,`direccion`) values 
(1,1,10,'925-468-2309','38574 Elmside Drive'),
(2,1,17,'437-705-1426','83627 Ridgeway Way'),
(3,1,42,'765-283-8703','90651 Esker Way'),
(4,1,189,'538-883-5564','4 Redwing Circle'),
(5,1,12,'839-492-1642','07 Kenwood Terrace'),
(6,1,53,'131-852-9433','69847 Old Shore Circle'),
(7,1,23,'860-510-0906','81119 Brickson Park Terrace'),
(8,1,168,'243-467-9150','95 Armistice Avenue'),
(9,1,75,'951-933-6259','32 Delaware Point'),
(10,1,86,'785-666-6467','23780 Bonner Trail'),
(11,2,182,'844-338-7545','972 Badeau Avenue'),
(12,2,110,'934-121-8839','34 Karstens Plaza'),
(13,2,154,'727-202-9310','2803 Meadow Ridge Trail'),
(14,2,2,'185-470-1820','5 Thackeray Way'),
(15,2,168,'753-319-3824','47607 Lotheville Junction'),
(16,2,49,'361-115-7806','0 Vermont Park'),
(17,3,94,'614-219-2308','5003 Moose Point'),
(18,3,106,'904-411-4147','6 Gerald Crossing'),
(19,3,76,'334-380-6323','68 Commercial Road'),
(20,3,15,'163-855-0433','1 Darwin Hill'),
(21,4,28,'302-194-7082','947 Cambridge Park'),
(22,4,152,'452-154-3685','914 Harbort Hill'),
(23,4,193,'156-427-6933','1533 Division Drive'),
(24,4,88,'451-768-1977','86533 Northwestern Plaza'),
(25,5,33,'904-562-7775','0 Columbus Place'),
(26,5,94,'688-920-7019','6 Rusk Drive'),
(27,5,94,'111-807-2086','37262 Elka Road'),
(28,5,141,'339-321-8059','6 Kensington Circle'),
(29,5,42,'818-236-1093','313 Clove Avenue'),
(30,5,21,'466-851-5838','86 Clarendon Park'),
(31,5,96,'902-850-6782','5 Londonderry Trail'),
(32,5,171,'878-200-6028','5 Myrtle Plaza'),
(33,6,129,'876-789-5840','02972 Dottie Lane'),
(34,6,7,'744-311-5815','17935 Basil Alley'),
(35,6,172,'625-441-7741','005 Barby Center'),
(36,6,142,'120-181-6188','91329 Menomonie Hill'),
(37,7,34,'528-945-1423','018 Morningstar Crossing'),
(38,7,22,'115-627-0951','464 Pawling Court'),
(39,7,141,'840-220-9697','202 Randy Lane'),
(40,7,49,'124-553-5300','602 Service Junction'),
(41,7,94,'742-820-4768','66406 Reinke Street'),
(42,7,17,'919-760-8408','494 Reindahl Crossing'),
(43,7,76,'865-823-1842','8290 Badeau Center'),
(44,7,68,'468-981-0545','79 Dakota Crossing'),
(45,8,194,'819-298-2301','49987 Coolidge Park'),
(46,8,190,'260-259-4994','58842 Mariners Cove Hill'),
(47,8,149,'579-872-2458','657 Kropf Park'),
(48,8,101,'135-105-2378','135 Algoma Trail'),
(49,8,127,'821-708-6103','13 Mallard Road'),
(50,9,58,'542-449-8216','0 Declaration Alley'),
(51,9,70,'781-335-5368','3653 Ridgeview Circle'),
(52,9,92,'680-859-0652','1 Rutledge Court'),
(53,9,37,'245-217-3381','73325 Iowa Trail'),
(54,9,24,'783-802-7671','952 Bellgrove Crossing'),
(55,9,48,'555-976-3507','4510 Atwood Terrace'),
(56,9,36,'674-999-8019','32095 Forest Drive'),
(57,10,196,'843-840-5146','4525 Arapahoe Point'),
(58,10,52,'686-120-1762','53 Hauk Lane'),
(59,10,88,'663-646-7720','150 Algoma Circle'),
(60,10,38,'606-445-5456','94 Debra Place'),
(61,10,54,'503-675-8235','1769 Pine View Junction'),
(62,10,195,'184-706-7356','12961 Loeprich Court'),
(63,10,160,'935-324-6515','5 Blue Bill Park Place'),
(64,11,128,'788-461-2784','8146 Mesta Avenue'),
(65,11,58,'821-462-4223','434 Declaration Pass'),
(66,11,87,'941-754-0987','27 Main Road'),
(67,11,94,'533-832-3816','208 Reindahl Street'),
(68,11,14,'383-116-0486','7 Cambridge Drive'),
(69,11,111,'219-835-0712','3 Doe Crossing Lane'),
(70,12,89,'727-531-4446','704 Monterey Pass'),
(71,12,60,'132-272-1388','431 Chive Pass'),
(72,12,64,'304-809-0907','130 Golden Leaf Trail'),
(73,13,44,'329-506-9301','7 Warrior Street'),
(74,13,155,'770-200-1206','31184 Cordelia Lane'),
(75,13,144,'330-209-3874','800 Mifflin Alley'),
(76,13,99,'979-401-1279','28 Mifflin Avenue'),
(77,13,172,'284-813-8492','40302 East Pass'),
(78,13,107,'884-684-7609','38148 Comanche Hill'),
(79,13,92,'780-609-4009','48020 Messerschmidt Place'),
(80,13,185,'514-582-5911','146 Morningstar Lane'),
(81,14,17,'828-786-5674','3 Debs Plaza'),
(82,14,187,'592-972-8954','99255 Glacier Hill Drive'),
(83,14,39,'177-988-0389','25 Dennis Junction'),
(84,14,159,'878-329-7764','2094 Banding Court'),
(85,14,95,'663-492-8969','849 Hauk Circle'),
(86,14,119,'651-170-9910','8 Menomonie Lane'),
(87,14,102,'955-977-0318','71549 Clarendon Junction'),
(88,15,92,'210-833-3157','98 Doe Crossing Pass'),
(89,15,176,'177-468-0325','05 Crownhardt Junction'),
(90,16,151,'704-856-1705','6433 Schiller Crossing'),
(91,16,158,'674-740-5525','41 Larry Alley'),
(92,16,31,'631-266-0473','3313 Texas Parkway'),
(93,17,25,'783-279-7746','13140 Michigan Park'),
(94,17,133,'872-294-9101','24900 Porter Lane'),
(95,17,78,'383-123-1363','76956 Oak Valley Court'),
(96,17,146,'602-931-7741','74398 Ridgeway Park'),
(97,17,124,'320-378-0478','531 Ilene Court'),
(98,18,16,'659-912-3556','556 Sachtjen Place'),
(99,18,185,'967-292-7185','8 Weeping Birch Park'),
(100,18,48,'638-752-3578','0060 Brentwood Street'),
(101,18,99,'958-294-9429','24 Oriole Park'),
(102,18,46,'131-192-8967','3 Sutteridge Alley'),
(103,18,106,'962-669-1336','8255 Eggendart Center'),
(104,18,164,'488-635-4594','11 Kinsman Terrace'),
(105,18,196,'475-359-4693','9076 Center Trail'),
(106,18,150,'669-206-2328','887 John Wall Point'),
(107,19,167,'434-432-0377','9 Texas Point'),
(108,19,10,'931-958-5318','4 Jay Crossing'),
(109,19,33,'795-510-5676','183 Emmet Hill'),
(110,19,17,'547-484-3053','82 Stuart Alley'),
(111,19,121,'986-667-3172','89231 Sutteridge Terrace'),
(112,19,182,'321-944-8214','534 Dawn Road'),
(113,20,97,'920-407-6379','285 Bowman Lane'),
(114,21,171,'254-692-1726','82 Waywood Way'),
(115,21,172,'368-134-5181','06014 Lien Hill'),
(116,21,182,'986-755-4468','01 Linden Lane'),
(117,21,146,'308-314-1364','40 Granby Terrace'),
(118,21,198,'267-388-9133','95 Katie Hill'),
(119,22,100,'678-276-9431','63 Dennis Park'),
(120,22,162,'191-385-6636','8112 Novick Hill'),
(121,22,32,'198-462-2909','800 Pierstorff Alley'),
(122,22,20,'208-164-2589','5 Troy Hill'),
(123,23,177,'555-376-4464','41 Delaware Place'),
(124,23,155,'816-534-3749','824 Steensland Park'),
(125,23,51,'343-384-4398','0914 Iowa Point'),
(126,23,21,'142-798-0473','2 Green Center'),
(127,23,101,'843-498-0231','16 Clarendon Center'),
(128,23,184,'299-555-3726','8407 Clarendon Street'),
(129,23,45,'502-967-9204','877 Hoffman Street'),
(130,24,26,'127-916-3559','65 Raven Park'),
(131,24,32,'674-562-7864','548 Crescent Oaks Crossing'),
(132,24,124,'126-628-8600','34 Duke Way'),
(133,24,61,'990-764-6223','6 Rusk Circle'),
(134,24,67,'765-224-4919','223 Anhalt Alley'),
(135,25,90,'427-359-9542','69 Merchant Plaza'),
(136,25,174,'276-847-6362','9 Iowa Lane'),
(137,25,24,'702-425-7421','91 Brickson Park Pass'),
(138,25,145,'909-350-0387','28 Hoffman Parkway'),
(139,26,151,'398-501-5671','54 Mesta Park'),
(140,26,27,'395-324-9619','18 Holmberg Junction'),
(141,26,91,'726-138-1843','386 Bartelt Parkway'),
(142,26,106,'151-177-8075','3255 Hanover Avenue'),
(143,27,57,'568-207-3180','567 Hayes Hill'),
(144,27,33,'812-655-6260','13 Morrow Trail'),
(145,28,10,'763-807-5185','9 Sunbrook Hill'),
(146,28,184,'249-384-8908','5999 Walton Road'),
(147,28,22,'646-500-6807','753 Lukken Parkway'),
(148,28,123,'561-763-1207','7 Morningstar Alley'),
(149,29,66,'334-462-7097','09 Corscot Lane'),
(150,29,33,'316-797-4856','742 Riverside Plaza'),
(151,29,17,'615-190-1475','3829 Daystar Alley'),
(152,29,197,'415-118-4046','51 Clarendon Junction'),
(153,29,21,'462-240-7350','40 4th Point'),
(154,29,79,'616-490-4945','6159 Sunnyside Pass'),
(155,30,147,'291-271-5661','63049 Mitchell Pass'),
(156,30,144,'778-681-1104','43061 Nobel Junction'),
(157,30,144,'198-736-9599','9200 International Crossing'),
(158,30,23,'715-703-4251','10523 Memorial Court'),
(159,30,25,'508-236-3330','508 Del Sol Terrace'),
(160,30,110,'766-540-8941','4 Carpenter Place'),
(161,31,141,'639-663-5547','390 Norway Maple Lane'),
(162,31,196,'760-772-3023','743 Acker Street'),
(163,31,85,'417-738-5863','434 Sundown Trail'),
(164,31,187,'140-628-2660','49 Gina Alley'),
(165,31,148,'816-903-4014','83088 Burrows Court'),
(166,31,45,'634-313-8116','949 Mockingbird Road'),
(167,31,37,'164-171-8670','8 Acker Circle'),
(168,31,40,'382-853-9949','34802 Lawn Place'),
(169,31,141,'425-890-9003','02732 Glendale Alley'),
(170,31,79,'961-589-3154','8 Monica Place'),
(171,32,118,'180-492-4970','84 Delaware Hill'),
(172,32,140,'135-595-8344','90478 Lien Way'),
(173,32,100,'623-580-8134','3 Swallow Avenue'),
(174,32,92,'547-720-4149','01544 7th Way'),
(175,32,141,'366-348-7573','05 Del Mar Crossing'),
(176,32,154,'890-324-4734','7231 Novick Park'),
(177,32,21,'472-921-5227','11859 Birchwood Point'),
(178,32,163,'711-440-0648','60 Clyde Gallagher Plaza'),
(179,32,154,'484-354-4588','92 Maple Wood Street'),
(180,32,98,'774-490-3781','4 Raven Junction'),
(181,33,41,'214-779-1153','88 Johnson Point'),
(182,33,86,'674-397-2071','54 Logan Road'),
(183,33,49,'153-773-0699','7 Rockefeller Parkway'),
(184,33,173,'758-723-1702','38904 Burning Wood Drive'),
(185,33,15,'177-976-2442','59 Reinke Street'),
(186,33,82,'172-632-5345','299 Hansons Pass'),
(187,33,34,'697-107-3329','72283 Nelson Avenue'),
(188,33,118,'313-882-9551','9 Morrow Center'),
(189,34,30,'540-402-0919','9224 Evergreen Point'),
(190,34,50,'344-982-2378','52 Kedzie Pass'),
(191,34,122,'735-780-1289','51788 Dakota Circle'),
(192,34,159,'701-478-2432','127 Lindbergh Circle'),
(193,34,12,'354-615-1483','6887 Gina Drive'),
(194,34,51,'816-953-8316','60638 Bellgrove Park'),
(195,34,34,'440-248-8946','63 Cottonwood Plaza'),
(196,34,139,'992-654-7067','11361 Hanson Parkway'),
(197,34,148,'655-157-8082','50984 Briar Crest Plaza'),
(198,34,22,'329-821-3339','6248 Spaight Center'),
(199,34,167,'901-869-1771','8787 Towne Center'),
(200,35,10,'104-451-2521','541 Spohn Place'),
(201,35,118,'188-181-4460','8 Pleasure Lane'),
(202,35,195,'569-995-4142','7613 Tennessee Alley'),
(203,36,25,'150-902-6327','81358 Beilfuss Street'),
(204,36,110,'744-873-2495','40 Dryden Alley'),
(205,36,147,'272-194-7647','97 Hoepker Street'),
(206,36,53,'910-781-3040','4327 Harper Pass'),
(207,36,31,'919-535-3226','59891 Lakeland Lane'),
(208,36,160,'836-801-3106','3 Green Drive'),
(209,36,23,'641-856-0191','38345 Stuart Road'),
(210,36,9,'763-884-7825','3988 Porter Court'),
(211,36,18,'335-678-0217','38 Tennyson Avenue'),
(212,36,130,'252-885-7827','820 Mesta Drive'),
(213,37,127,'289-895-7765','0892 Transport Circle'),
(214,37,174,'678-325-5309','4950 Merchant Lane'),
(215,37,168,'298-454-2790','394 Sutteridge Street'),
(216,37,10,'330-556-2335','2854 Kensington Lane'),
(217,37,54,'517-983-6154','21 East Point'),
(218,37,55,'573-993-5733','4 Del Mar Point'),
(219,37,134,'971-894-3959','6 Pawling Avenue'),
(220,38,20,'278-219-0143','5472 Dovetail Place'),
(221,38,48,'186-207-8482','8 Dapin Circle'),
(222,38,9,'160-531-3563','87 Corry Junction'),
(223,39,14,'248-598-9509','8957 Trailsway Way'),
(224,39,183,'538-147-3767','651 Kropf Place'),
(225,39,118,'970-469-0907','22777 Buhler Lane'),
(226,39,57,'306-866-2641','8910 Surrey Place'),
(227,39,67,'170-864-7012','52694 Browning Road'),
(228,40,158,'839-954-6943','61 Burning Wood Center'),
(229,40,200,'552-937-0325','55 Stuart Pass'),
(230,40,77,'646-123-8250','40498 Butternut Plaza'),
(231,40,129,'846-873-3948','0 Saint Paul Drive'),
(232,40,61,'715-989-3085','95014 Dryden Way'),
(233,40,22,'398-137-8287','719 Chive Avenue'),
(234,41,163,'844-329-4918','78 Declaration Circle'),
(235,41,115,'160-739-8631','571 Rowland Road'),
(236,41,146,'924-313-9191','207 Del Mar Plaza'),
(237,41,94,'289-637-7223','07539 Truax Trail'),
(238,41,180,'788-595-3622','2 Farmco Center'),
(239,42,2,'181-855-5725','40774 Dorton Park'),
(240,42,33,'896-203-5045','00 Hoard Avenue'),
(241,42,32,'944-415-0891','1 Little Fleur Court'),
(242,42,198,'622-555-5729','04846 Anhalt Pass'),
(243,42,93,'600-112-9020','71 Laurel Road'),
(244,42,125,'536-880-6233','91636 Lillian Crossing'),
(245,42,118,'377-799-3944','00 Doe Crossing Trail'),
(246,42,99,'555-542-9455','89339 South Avenue'),
(247,42,184,'461-310-1199','6171 Kropf Trail'),
(248,42,193,'992-923-8075','98 Nevada Circle'),
(249,43,137,'501-467-3256','966 Grayhawk Alley'),
(250,43,119,'281-887-9949','902 Gina Circle'),
(251,43,116,'124-493-0640','598 Muir Court'),
(252,44,155,'269-357-1005','0020 International Way'),
(253,44,42,'305-663-5772','10 Bartelt Plaza'),
(254,44,119,'672-184-7908','88954 Walton Place'),
(255,44,24,'305-308-6476','97 Mendota Junction'),
(256,44,39,'386-685-3970','220 Jana Alley'),
(257,44,36,'297-273-4298','6725 Riverside Pass'),
(258,44,160,'300-871-2783','5 Superior Terrace'),
(259,45,98,'672-491-1846','50455 Dixon Lane'),
(260,45,15,'634-553-8224','8620 Golf View Center'),
(261,45,169,'446-262-1394','2680 Acker Crossing'),
(262,45,97,'374-923-1646','91740 Warrior Trail'),
(263,45,139,'712-237-2349','17 Nevada Road'),
(264,45,60,'710-872-2333','42015 Sycamore Park'),
(265,46,78,'812-338-3581','1451 Randy Point'),
(266,46,47,'837-926-2606','44 Beilfuss Point'),
(267,46,74,'269-438-7647','0 Linden Drive'),
(268,46,105,'253-107-3013','44578 Mcguire Plaza'),
(269,46,114,'180-563-6503','26347 East Crossing'),
(270,46,171,'118-419-3868','099 Haas Way'),
(271,47,31,'605-714-4522','93 Toban Hill'),
(272,47,70,'947-797-4693','7422 Bay Parkway'),
(273,47,97,'948-245-8156','59153 Del Sol Street'),
(274,47,40,'218-869-0956','72 Prairieview Court'),
(275,47,189,'944-503-7726','97 Valley Edge Place'),
(276,47,149,'817-448-0997','137 Maryland Parkway'),
(277,47,156,'214-672-7891','49238 Debs Lane'),
(278,48,135,'493-209-6894','74 Macpherson Crossing'),
(279,48,41,'730-424-5422','5 Moland Alley'),
(280,48,105,'713-298-0729','3682 Independence Pass'),
(281,48,194,'243-190-5950','4882 Arrowood Plaza'),
(282,48,51,'719-874-7315','04229 Bunker Hill Pass'),
(283,48,122,'387-907-8463','041 Oak Valley Terrace'),
(284,48,137,'644-646-0704','41293 Dovetail Plaza'),
(285,49,158,'335-833-6109','04097 Butterfield Terrace'),
(286,49,160,'310-557-0809','8 Arrowood Trail'),
(287,49,190,'557-238-8584','952 Knutson Place'),
(288,49,168,'992-510-3087','90 Surrey Parkway'),
(289,49,4,'227-993-8696','98 Quincy Circle'),
(290,49,156,'758-550-6053','50406 Anzinger Place'),
(291,49,154,'592-305-1279','57160 Lakewood Gardens Road'),
(292,49,41,'536-183-4306','33 Schurz Terrace'),
(293,49,92,'796-752-6981','753 Calypso Terrace'),
(294,50,89,'275-188-6341','32625 Dayton Lane'),
(295,50,132,'687-169-7201','45756 Bayside Junction'),
(296,50,160,'178-442-7178','4239 Becker Alley'),
(297,50,187,'899-956-5268','81 Blue Bill Park Trail'),
(298,50,167,'883-989-0226','941 Merchant Pass'),
(299,50,45,'824-913-7319','55577 Pepper Wood Way'),
(300,50,36,'513-267-9286','32 Maryland Lane');

/*!40101 SET SQL_MODE=@OLD_SQL_MODE */;
/*!40014 SET FOREIGN_KEY_CHECKS=@OLD_FOREIGN_KEY_CHECKS */;
/*!40014 SET UNIQUE_CHECKS=@OLD_UNIQUE_CHECKS */;
/*!40111 SET SQL_NOTES=@OLD_SQL_NOTES */;
